{
  "register": [
    {
      "id": "2",
      "name": "ritu",
      "email": "ritu@gmail.com",
      "contact": 9970140156,
      "password": "ritu123",
      "rollId": "2"
    },
    {
      "id": "6a17",
      "name": "Madhu",
      "email": "madhu@gmail.com",
      "contact": "7896541236",
      "password": "madhu123",
      "confirmpassword": "madhu123",
      "rollId": "2"
    }
  ],
  "index": [
    {
      "pickup": "PCMC",
      "fromdatetime": "2024-02-26 09:00:00",
      "todatetime": "2024-02-28 18:00:00",
      "id": "ccf9"
    },
    {
      "id": "ae8b",
      "pickup": "",
      "fromdatetime": "2024-02-28T13:47",
      "todatetime": "2024-02-29T12:48"
    },
    {
      "id": "9916",
      "fromdatetime": "2024-02-28T13:47",
      "todatetime": "2024-02-29T12:48"
    },
    {
      "id": "990d",
      "fromdatetime": "2024-02-28T13:47",
      "todatetime": "2024-02-29T12:48"
    },
    {
      "id": "80d5",
      "fromdatetime": "2024-02-28T13:47",
      "todatetime": "2024-02-29T12:48"
    },
    {
      "id": "b588",
      "fromdatetime": "2024-02-28T13:47",
      "todatetime": "2024-02-29T12:48"
    },
    {
      "id": "da39",
      "fromdatetime": "2024-02-28T13:47",
      "todatetime": "2024-02-29T12:48"
    },
    {
      "id": "ed22",
      "fromdatetime": "2024-02-28T13:47",
      "todatetime": "2024-02-29T12:48"
    },
    {
      "id": "6558",
      "fromdatetime": "2024-02-28T13:47",
      "todatetime": "2024-02-29T12:48"
    },
    {
      "id": "10e4",
      "fromdatetime": "2024-02-28T13:47",
      "todatetime": "2024-02-29T12:48"
    },
    {
      "id": "7adb",
      "fromdatetime": "2024-02-28T13:47",
      "todatetime": "2024-02-29T12:48"
    },
    {
      "id": "3de3",
      "fromdatetime": "2024-02-28T13:47",
      "todatetime": "2024-02-29T12:48"
    },
    {
      "id": "911a",
      "fromdatetime": "2024-02-28T13:47",
      "todatetime": "2024-02-29T12:48"
    },
    {
      "id": "3d7b",
      "fromdatetime": "2024-02-28T13:47",
      "todatetime": "2024-02-29T12:48"
    },
    {
      "id": "bda6",
      "pickup": "",
      "fromdatetime": "",
      "todatetime": ""
    },
    {
      "id": "0f00",
      "fromdatetime": "",
      "todatetime": ""
    },
    {
      "id": "90a8",
      "pickup": "",
      "fromdatetime": "",
      "todatetime": ""
    },
    {
      "id": "5317",
      "fromdatetime": "",
      "todatetime": ""
    },
    {
      "id": "c47b",
      "fromdatetime": "",
      "todatetime": ""
    },
    {
      "id": "6562",
      "pickup": "pcmc",
      "fromdatetime": "2024-02-29T16:00",
      "todatetime": "2024-03-01T16:00"
    },
    {
      "id": "10fd",
      "fromdatetime": "2024-02-29T16:00",
      "todatetime": "2024-03-01T16:00"
    },
    {
      "id": "0c02",
      "fromdatetime": "2024-02-29T16:00",
      "todatetime": "2024-03-01T16:00"
    },
    {
      "id": "459e",
      "fromdatetime": "2024-02-29T16:00",
      "todatetime": "2024-03-01T16:00"
    },
    {
      "id": "4963",
      "fromdatetime": "2024-02-29T16:00",
      "todatetime": "2024-03-01T16:00"
    },
    {
      "id": "8ad6",
      "fromdatetime": "2024-02-29T16:00",
      "todatetime": "2024-03-01T16:00"
    },
    {
      "id": "ab65",
      "pickup": "",
      "fromdatetime": "",
      "todatetime": ""
    },
    {
      "id": "a34b",
      "fromdatetime": "",
      "todatetime": ""
    },
    {
      "id": "c68c",
      "pickup": "pcmc",
      "fromdatetime": "2024-02-29T18:01",
      "todatetime": "2024-02-29T22:05"
    },
    {
      "id": "34bb",
      "fromdatetime": "2024-02-29T18:01",
      "todatetime": "2024-02-29T22:05"
    },
    {
      "id": "8bdd",
      "fromdatetime": "2024-02-29T18:01",
      "todatetime": "2024-02-29T22:05"
    },
    {
      "id": "11b4",
      "fromdatetime": "2024-02-29T18:01",
      "todatetime": "2024-02-29T22:05"
    },
    {
      "id": "da25",
      "fromdatetime": "2024-02-29T18:01",
      "todatetime": "2024-02-29T22:05"
    },
    {
      "id": "a67b",
      "fromdatetime": "2024-02-29T18:01",
      "todatetime": "2024-02-29T22:05"
    },
    {
      "id": "3c50",
      "fromdatetime": "2024-02-29T18:01",
      "todatetime": "2024-02-29T22:05"
    },
    {
      "id": "de20",
      "fromdatetime": "2024-02-29T18:01",
      "todatetime": "2024-02-29T22:05"
    },
    {
      "id": "035b",
      "fromdatetime": "2024-02-29T18:01",
      "todatetime": "2024-02-29T22:05"
    },
    {
      "id": "ba20",
      "fromdatetime": "2024-02-29T18:01",
      "todatetime": "2024-02-29T22:05"
    },
    {
      "id": "c1db",
      "fromdatetime": "2024-02-29T18:01",
      "todatetime": "2024-02-29T22:05"
    },
    {
      "id": "835a",
      "fromdatetime": "2024-02-29T18:01",
      "todatetime": "2024-02-29T22:05"
    },
    {
      "id": "0c69",
      "fromdatetime": "2024-02-29T18:01",
      "todatetime": "2024-02-29T22:05"
    },
    {
      "id": "45fc",
      "fromdatetime": "2024-02-29T18:01",
      "todatetime": "2024-02-29T22:05"
    },
    {
      "id": "ff8c",
      "fromdatetime": "2024-02-29T18:01",
      "todatetime": "2024-02-29T22:05"
    },
    {
      "id": "ce71",
      "fromdatetime": "2024-02-29T18:01",
      "todatetime": "2024-02-29T22:05"
    },
    {
      "id": "b4fe",
      "fromdatetime": "2024-02-29T18:01",
      "todatetime": "2024-02-29T22:05"
    },
    {
      "id": "879b",
      "fromdatetime": "2024-02-29T18:01",
      "todatetime": "2024-02-29T22:05"
    },
    {
      "id": "aae5",
      "fromdatetime": "2024-02-29T18:01",
      "todatetime": "2024-02-29T22:05"
    },
    {
      "id": "ad49",
      "fromdatetime": "2024-02-29T18:01",
      "todatetime": "2024-02-29T22:05"
    },
    {
      "id": "a0bc",
      "fromdatetime": "2024-02-29T18:01",
      "todatetime": "2024-02-29T22:05"
    },
    {
      "id": "6191",
      "fromdatetime": "2024-02-29T18:01",
      "todatetime": "2024-02-29T22:05"
    },
    {
      "id": "2f58",
      "fromdatetime": "2024-02-29T18:01",
      "todatetime": "2024-02-29T22:05"
    },
    {
      "id": "bc63",
      "fromdatetime": "2024-02-29T18:01",
      "todatetime": "2024-02-29T22:05"
    },
    {
      "id": "700e",
      "fromdatetime": "2024-02-29T18:01",
      "todatetime": "2024-02-29T22:05"
    },
    {
      "id": "4b90",
      "fromdatetime": "2024-02-29T18:01",
      "todatetime": "2024-02-29T22:05"
    },
    {
      "id": "152c",
      "fromdatetime": "2024-02-29T18:01",
      "todatetime": "2024-02-29T22:05"
    },
    {
      "id": "7322",
      "fromdatetime": "2024-02-29T18:01",
      "todatetime": "2024-02-29T22:05"
    },
    {
      "id": "f2e8",
      "fromdatetime": "2024-02-29T18:01",
      "todatetime": "2024-02-29T22:05"
    },
    {
      "id": "63a2",
      "fromdatetime": "2024-02-29T18:01",
      "todatetime": "2024-02-29T22:05"
    },
    {
      "id": "971d",
      "fromdatetime": "2024-02-29T18:01",
      "todatetime": "2024-02-29T22:05"
    },
    {
      "id": "db06",
      "fromdatetime": "2024-02-29T18:01",
      "todatetime": "2024-02-29T22:05"
    },
    {
      "id": "0975",
      "fromdatetime": "2024-02-29T18:01",
      "todatetime": "2024-02-29T22:05"
    },
    {
      "id": "6844",
      "fromdatetime": "2024-02-29T18:01",
      "todatetime": "2024-02-29T22:05"
    },
    {
      "id": "1985",
      "fromdatetime": "2024-02-29T18:01",
      "todatetime": "2024-02-29T22:05"
    },
    {
      "id": "75b6",
      "fromdatetime": "2024-02-29T18:01",
      "todatetime": "2024-02-29T22:05"
    },
    {
      "id": "230d",
      "fromdatetime": "2024-02-29T18:01",
      "todatetime": "2024-02-29T22:05"
    },
    {
      "id": "8101",
      "fromdatetime": "2024-02-29T18:01",
      "todatetime": "2024-02-29T22:05"
    },
    {
      "id": "8c88",
      "fromdatetime": "2024-02-29T18:01",
      "todatetime": "2024-02-29T22:05"
    },
    {
      "id": "eee2",
      "fromdatetime": "2024-02-29T18:01",
      "todatetime": "2024-02-29T22:05"
    },
    {
      "id": "50d1",
      "fromdatetime": "2024-02-29T18:01",
      "todatetime": "2024-02-29T22:05"
    },
    {
      "id": "081e",
      "fromdatetime": "2024-02-29T18:01",
      "todatetime": "2024-02-29T22:05"
    },
    {
      "id": "fba5",
      "fromdatetime": "2024-02-29T18:01",
      "todatetime": "2024-02-29T22:05"
    },
    {
      "id": "2a7d",
      "fromdatetime": "2024-02-29T18:01",
      "todatetime": "2024-02-29T22:05"
    },
    {
      "id": "6bb4",
      "fromdatetime": "2024-02-29T18:01",
      "todatetime": "2024-02-29T22:05"
    },
    {
      "id": "e96d",
      "fromdatetime": "2024-02-29T18:01",
      "todatetime": "2024-02-29T22:05"
    },
    {
      "id": "d568",
      "fromdatetime": "2024-02-29T18:01",
      "todatetime": "2024-02-29T22:05"
    },
    {
      "id": "aecb",
      "fromdatetime": "2024-02-29T18:01",
      "todatetime": "2024-02-29T22:05"
    },
    {
      "id": "c698",
      "fromdatetime": "2024-02-29T18:01",
      "todatetime": "2024-02-29T22:05"
    },
    {
      "id": "90c4",
      "fromdatetime": "2024-02-29T18:01",
      "todatetime": "2024-02-29T22:05"
    },
    {
      "id": "4015",
      "fromdatetime": "2024-02-29T18:01",
      "todatetime": "2024-02-29T22:05"
    },
    {
      "id": "e0df",
      "fromdatetime": "2024-02-29T18:01",
      "todatetime": "2024-02-29T22:05"
    },
    {
      "id": "58dc",
      "fromdatetime": "2024-02-29T18:01",
      "todatetime": "2024-02-29T22:05"
    },
    {
      "id": "acef",
      "fromdatetime": "2024-02-29T18:01",
      "todatetime": "2024-02-29T22:05"
    },
    {
      "id": "fd0a",
      "fromdatetime": "2024-02-29T18:01",
      "todatetime": "2024-02-29T22:05"
    },
    {
      "id": "8c75",
      "fromdatetime": "2024-02-29T18:01",
      "todatetime": "2024-02-29T22:05"
    },
    {
      "id": "3a19",
      "fromdatetime": "2024-02-29T18:01",
      "todatetime": "2024-02-29T22:05"
    },
    {
      "id": "ee0d",
      "fromdatetime": "2024-02-29T18:01",
      "todatetime": "2024-02-29T22:05"
    },
    {
      "id": "8baa",
      "fromdatetime": "2024-02-29T18:01",
      "todatetime": "2024-02-29T22:05"
    },
    {
      "id": "e81f",
      "fromdatetime": "2024-02-29T18:01",
      "todatetime": "2024-02-29T22:05"
    },
    {
      "id": "453d",
      "fromdatetime": "2024-02-29T18:01",
      "todatetime": "2024-02-29T22:05"
    },
    {
      "id": "8c62",
      "pickup": "PCMC",
      "fromdatetime": "2024-03-04T12:00",
      "todatetime": "2024-03-05T13:00"
    },
    {
      "id": "45e8",
      "userid": null,
      "fromdatetime": "2024-03-04T12:00",
      "todatetime": "2024-03-05T13:00"
    },
    {
      "id": "9891",
      "userid": null,
      "fromdatetime": "2024-03-04T12:00",
      "todatetime": "2024-03-05T13:00"
    },
    {
      "id": "0b19",
      "userid": null,
      "fromdatetime": "2024-03-04T12:00",
      "todatetime": "2024-03-05T13:00"
    },
    {
      "id": "076a",
      "pickup": "PCMC",
      "fromdatetime": "2024-03-04T12:00",
      "todatetime": "2024-03-05T14:00"
    },
    {
      "id": "9e88",
      "fromdatetime": "2024-03-04T12:00",
      "todatetime": "2024-03-05T14:00"
    },
    {
      "id": "e560",
      "fromdatetime": "2024-03-04T12:00",
      "todatetime": "2024-03-05T14:00"
    },
    {
      "id": "0813",
      "fromdatetime": "2024-03-04T12:00",
      "todatetime": "2024-03-05T14:00"
    },
    {
      "id": "7304",
      "fromdatetime": "2024-03-04T12:00",
      "todatetime": "2024-03-05T14:00"
    },
    {
      "id": "a97c",
      "fromdatetime": "2024-03-04T12:00",
      "todatetime": "2024-03-05T14:00"
    },
    {
      "id": "4aab",
      "fromdatetime": "2024-03-04T12:00",
      "todatetime": "2024-03-05T14:00"
    },
    {
      "id": "cb96",
      "fromdatetime": "2024-03-04T12:00",
      "todatetime": "2024-03-05T14:00"
    },
    {
      "id": "6dc7",
      "fromdatetime": "2024-03-04T12:00",
      "todatetime": "2024-03-05T14:00"
    },
    {
      "id": "497d",
      "fromdatetime": "2024-03-04T12:00",
      "todatetime": "2024-03-05T14:00"
    },
    {
      "id": "3e9d",
      "fromdatetime": "2024-03-04T12:00",
      "todatetime": "2024-03-05T14:00"
    },
    {
      "id": "769f",
      "fromdatetime": "2024-03-04T12:00",
      "todatetime": "2024-03-05T14:00"
    },
    {
      "id": "2f72",
      "fromdatetime": "2024-03-04T12:00",
      "todatetime": "2024-03-05T14:00"
    },
    {
      "id": "32b6",
      "fromdatetime": "2024-03-04T12:00",
      "todatetime": "2024-03-05T14:00"
    },
    {
      "id": "5893",
      "fromdatetime": "2024-03-04T12:00",
      "todatetime": "2024-03-05T14:00"
    },
    {
      "id": "a9b5",
      "fromdatetime": "2024-03-04T12:00",
      "todatetime": "2024-03-05T14:00"
    },
    {
      "id": "c310",
      "fromdatetime": "2024-03-04T12:00",
      "todatetime": "2024-03-05T14:00"
    },
    {
      "id": "3368",
      "fromdatetime": "2024-03-04T12:00",
      "todatetime": "2024-03-05T14:00"
    },
    {
      "id": "36ce",
      "fromdatetime": "2024-03-04T12:00",
      "todatetime": "2024-03-05T14:00"
    },
    {
      "id": "b64a",
      "fromdatetime": "2024-03-04T12:00",
      "todatetime": "2024-03-05T14:00"
    },
    {
      "id": "3915",
      "fromdatetime": "2024-03-04T12:00",
      "todatetime": "2024-03-05T14:00"
    },
    {
      "id": "36fc",
      "fromdatetime": "2024-03-04T12:00",
      "todatetime": "2024-03-05T14:00"
    },
    {
      "id": "7954",
      "fromdatetime": "2024-03-04T12:00",
      "todatetime": "2024-03-05T14:00"
    },
    {
      "id": "bf28",
      "pickup": "PCMC",
      "fromdatetime": "2024-03-04T15:00",
      "todatetime": "2024-03-05T16:00"
    },
    {
      "id": "b831",
      "fromdatetime": "2024-03-04T15:00",
      "todatetime": "2024-03-05T16:00"
    },
    {
      "id": "a329",
      "fromdatetime": "2024-03-04T15:00",
      "todatetime": "2024-03-05T16:00"
    },
    {
      "id": "7c13",
      "fromdatetime": "2024-03-04T15:00",
      "todatetime": "2024-03-05T16:00"
    },
    {
      "id": "2a24",
      "fromdatetime": "2024-03-04T15:00",
      "todatetime": "2024-03-05T16:00"
    },
    {
      "id": "e72d",
      "fromdatetime": "2024-03-04T15:00",
      "todatetime": "2024-03-05T16:00",
      "userid": "2"
    },
    {
      "id": "d4d3",
      "fromdatetime": "2024-03-04T15:00",
      "todatetime": "2024-03-05T16:00"
    },
    {
      "id": "33e2",
      "fromdatetime": "2024-03-04T15:00",
      "todatetime": "2024-03-05T16:00",
      "userid": "2"
    },
    {
      "id": "b215",
      "fromdatetime": "2024-03-04T15:00",
      "todatetime": "2024-03-05T16:00"
    },
    {
      "id": "3d0a",
      "fromdatetime": "2024-03-04T15:00",
      "todatetime": "2024-03-05T16:00",
      "userid": "2"
    },
    {
      "id": "fc03",
      "fromdatetime": "2024-03-04T15:00",
      "todatetime": "2024-03-05T16:00"
    },
    {
      "id": "4698",
      "fromdatetime": "2024-03-04T15:00",
      "todatetime": "2024-03-05T16:00",
      "userid": "2"
    },
    {
      "id": "cca2",
      "fromdatetime": "2024-03-04T15:00",
      "todatetime": "2024-03-05T16:00"
    },
    {
      "id": "71aa",
      "fromdatetime": "2024-03-04T15:00",
      "todatetime": "2024-03-05T16:00",
      "userid": "2"
    },
    {
      "id": "8d36",
      "fromdatetime": "2024-03-04T15:00",
      "todatetime": "2024-03-05T16:00"
    },
    {
      "id": "5373",
      "fromdatetime": "2024-03-04T15:00",
      "todatetime": "2024-03-05T16:00",
      "userid": "2"
    },
    {
      "id": "826c",
      "fromdatetime": "2024-03-04T15:00",
      "todatetime": "2024-03-05T16:00"
    },
    {
      "id": "6b49",
      "fromdatetime": "2024-03-04T15:00",
      "todatetime": "2024-03-05T16:00",
      "userid": "2"
    },
    {
      "id": "0063",
      "pickup": "PCMC",
      "fromdatetime": "2024-03-05T11:00",
      "todatetime": "2024-03-06T12:00"
    },
    {
      "id": "58ff",
      "fromdatetime": "2024-03-05T11:00",
      "todatetime": "2024-03-06T12:00"
    },
    {
      "id": "e3eb",
      "fromdatetime": "2024-03-05T11:00",
      "todatetime": "2024-03-06T12:00",
      "userid": "2"
    },
    {
      "id": "7726",
      "fromdatetime": "2024-03-05T11:00",
      "todatetime": "2024-03-06T12:00"
    },
    {
      "id": "5cbd",
      "fromdatetime": "2024-03-05T11:00",
      "todatetime": "2024-03-06T12:00",
      "userid": "2"
    },
    {
      "id": "56c2",
      "fromdatetime": "2024-03-05T11:00",
      "todatetime": "2024-03-06T12:00"
    },
    {
      "id": "f7d1",
      "fromdatetime": "2024-03-05T11:00",
      "todatetime": "2024-03-06T12:00",
      "userid": "2"
    },
    {
      "id": "55da",
      "fromdatetime": "2024-03-05T11:00",
      "todatetime": "2024-03-06T12:00"
    },
    {
      "id": "82e9",
      "fromdatetime": "2024-03-05T11:00",
      "todatetime": "2024-03-06T12:00",
      "userid": "2"
    },
    {
      "id": "b7fc",
      "fromdatetime": "2024-03-05T11:00",
      "todatetime": "2024-03-06T12:00"
    },
    {
      "id": "eb28",
      "fromdatetime": "2024-03-05T11:00",
      "todatetime": "2024-03-06T12:00",
      "userid": "2"
    },
    {
      "id": "c649",
      "fromdatetime": "2024-03-05T11:00",
      "todatetime": "2024-03-06T12:00"
    },
    {
      "id": "24b3",
      "fromdatetime": "2024-03-05T11:00",
      "todatetime": "2024-03-06T12:00",
      "userid": "2"
    },
    {
      "id": "164f",
      "fromdatetime": "2024-03-05T11:00",
      "todatetime": "2024-03-06T12:00"
    },
    {
      "id": "1fb0",
      "fromdatetime": "2024-03-05T11:00",
      "todatetime": "2024-03-06T12:00",
      "userid": "2"
    },
    {
      "id": "e0b5",
      "fromdatetime": "2024-03-05T11:00",
      "todatetime": "2024-03-06T12:00"
    },
    {
      "id": "405d",
      "fromdatetime": "2024-03-05T11:00",
      "todatetime": "2024-03-06T12:00",
      "userid": "2"
    },
    {
      "id": "cd7c",
      "fromdatetime": "2024-03-05T11:00",
      "todatetime": "2024-03-06T12:00"
    },
    {
      "id": "b804",
      "fromdatetime": "2024-03-05T11:00",
      "todatetime": "2024-03-06T12:00",
      "userid": "2"
    },
    {
      "id": "1dcc",
      "fromdatetime": "2024-03-05T11:00",
      "todatetime": "2024-03-06T12:00"
    },
    {
      "id": "1f7d",
      "fromdatetime": "2024-03-05T11:00",
      "todatetime": "2024-03-06T12:00",
      "userid": "2"
    },
    {
      "id": "4329",
      "fromdatetime": "2024-03-05T11:00",
      "todatetime": "2024-03-06T12:00"
    },
    {
      "id": "37d7",
      "fromdatetime": "2024-03-05T11:00",
      "todatetime": "2024-03-06T12:00",
      "userid": "2"
    },
    {
      "id": "469f",
      "fromdatetime": "2024-03-05T11:00",
      "todatetime": "2024-03-06T12:00"
    },
    {
      "id": "b4af",
      "fromdatetime": "2024-03-05T11:00",
      "todatetime": "2024-03-06T12:00",
      "userid": "2"
    },
    {
      "id": "7671",
      "fromdatetime": "2024-03-05T11:00",
      "todatetime": "2024-03-06T12:00"
    },
    {
      "id": "63cc",
      "fromdatetime": "2024-03-05T11:00",
      "todatetime": "2024-03-06T12:00",
      "userid": "2"
    },
    {
      "id": "9672",
      "fromdatetime": "2024-03-05T11:00",
      "todatetime": "2024-03-06T12:00"
    },
    {
      "id": "54f6",
      "fromdatetime": "2024-03-05T11:00",
      "todatetime": "2024-03-06T12:00",
      "userid": "2"
    },
    {
      "id": "d409",
      "fromdatetime": "2024-03-05T11:00",
      "todatetime": "2024-03-06T12:00"
    },
    {
      "id": "1a93",
      "fromdatetime": "2024-03-05T11:00",
      "todatetime": "2024-03-06T12:00",
      "userid": "2"
    },
    {
      "id": "16fd",
      "fromdatetime": "2024-03-05T11:00",
      "todatetime": "2024-03-06T12:00"
    },
    {
      "id": "f138",
      "fromdatetime": "2024-03-05T11:00",
      "todatetime": "2024-03-06T12:00",
      "userid": "2"
    },
    {
      "id": "0b76",
      "fromdatetime": "2024-03-05T11:00",
      "todatetime": "2024-03-06T12:00"
    },
    {
      "id": "2fed",
      "fromdatetime": "2024-03-05T11:00",
      "todatetime": "2024-03-06T12:00",
      "userid": "2"
    },
    {
      "id": "bff2",
      "fromdatetime": "2024-03-05T11:00",
      "todatetime": "2024-03-06T12:00"
    },
    {
      "id": "1258",
      "fromdatetime": "2024-03-05T11:00",
      "todatetime": "2024-03-06T12:00",
      "userid": "2"
    },
    {
      "id": "0801",
      "fromdatetime": "2024-03-05T11:00",
      "todatetime": "2024-03-06T12:00"
    },
    {
      "id": "6e0e",
      "fromdatetime": "2024-03-05T11:00",
      "todatetime": "2024-03-06T12:00",
      "userid": "2"
    },
    {
      "id": "36ec",
      "fromdatetime": "2024-03-05T11:00",
      "todatetime": "2024-03-06T12:00"
    },
    {
      "id": "12cc",
      "fromdatetime": "2024-03-05T11:00",
      "todatetime": "2024-03-06T12:00",
      "userid": "2"
    }
  ]
}